xintercept	PANEL
-1.30102999566398	1
-1.30102999566398	2
